monitor 253,monitor 254,monitor 255,
0,0,0,
0,0,0,
0,0,0,
0,0,0,
0,0,0,
0,0,0,
0,0,0,
0,0,0,
0,0,0,
0,0,0,
0,0,0,
0,0,5.20759e-005,
0,0,0.000571299,
0,0,0.00304276,
0,0,0.0103749,
0,0,0.0251307,
0,0,0.0453257,
0,0,0.0620016,
0,0,0.0644897,
0,0,0.0516477,
0,0,0.0364432,
0,0,0.0342179,
0,0,0.0450025,
0,0,0.0526448,
0,0,0.0451884,
0,0,0.0309677,
0,0,0.0271666,
0,0,0.0354077,
0,0,0.0395505,
0,0,0.0298022,
0,0,0.0173638,
0,0,0.0170087,
0,0,0.0242186,
0,0,0.0226326,
0,0,0.0101104,
0,0,0.00186986,
0,0,0.00574574,
0,0,0.00971252,
0,0,0.00187363,
0,0,0.0100643,
0,0,0.0118454,
0,0,0.00632531,
0,0,0.00835268,
0,0,0.0197531,
0,0,0.0265129,
0,0,0.0226061,
0,0,0.0199853,
0,0,0.0280214,
0,0,0.0376068,
0,0,0.036883,
0,0,0.0314795,
0,0,0.0347082,
0,0,0.0447573,
0,0,0.0479424,
0,0,0.0421232,
0,0,0.0400781,
0,0,0.0475057,
0,0,0.0536488,
0,0,0.0500647,
0,0,0.0447087,
0,0,0.0476315,
0,0,0.0538865,
0,0,0.0528813,
0,0,0.0467974,
0,0,0.045973,
0,0,0.0504922,
0,0,0.0506981,
0,0,0.0447657,
0,0,0.0415656,
0,0,0.0443151,
0,0,0.0449133,
0,0,0.0389383,
0,0,0.033791,
0,0,0.0351299,
0,0,0.0363548,
0,0,0.0305378,
0,0,0.0233061,
0,0,0.022939,
0,0,0.0251749,
0,0,0.0205154,
0,0,0.0114906,
0,0,0.00861968,
0,0,0.0115677,
0,0,0.00928323,
0,0,0.000354641,
0,0,0.00628598,
0,0,0.00371193,
0,0,0.00295979,
0,0,0.0114093,
0,0,0.0201155,
0,0,0.0193093,
0,0,0.0158272,
0,0,0.0213146,
0,0,0.0315428,
0,0,0.0335609,
0,0,0.0285421,
0,0,0.0299438,
0,0,0.0397917,
0,0,0.0448844,
0,0,0.0399758,
0,0,0.0371603,
0,0,0.0446257,
0,0,0.0520988,
0,0,0.0488529,
0,0,0.042675,
0,0,0.0462065,
0,0,0.0546059,
0,0,0.0540189,
0,0,0.0460301,
0,0,0.0449082,
0,0,0.0524162,
0,0,0.0546783,
0,0,0.0466877,
0,0,0.0411589,
0,0,0.0460621,
0,0,0.0505547,
0,0,0.0441776,
0,0,0.0353451,
0,0,0.0364408,
0,0,0.0419393,
0,0,0.03825,
0,0,0.0277819,
0,0,0.0246349,
0,0,0.0296448,
0,0,0.0289957,
0,0,0.0187435,
0,0,0.0117539,
0,0,0.0148775,
0,0,0.0169008,
0,0,0.00852123,
0,0,0.00118906,
0,0,0.000934843,
0,0,0.00283239,
0,0,0.00250973,
0,0,0.0133466,
0,0,0.016327,
0,0,0.0120448,
0,0,0.013844,
0,0,0.0240624,
0,0,0.0299645,
0,0,0.0264003,
0,0,0.0248328,
0,0,0.0328609,
0,0,0.040774,
0,0,0.0388967,
0,0,0.0347114,
0,0,0.039415,
0,0,0.0480238,
0,0,0.0483501,
0,0,0.0426642,
0,0,0.0435118,
0,0,0.0513545,
0,0,0.0538661,
0,0,0.0479163,
0,0,0.0450223,
0,0,0.0507623,
0,0,0.0549382,
0,0,0.049837,
0,0,0.0438926,
0,0,0.0465496,
0,0,0.0514934,
0,0,0.0480349,
0,0,0.0401444,
0,0,0.0392535,
0,0,0.0438859,
0,0,0.0424331,
0,0,0.0338982,
0,0,0.0295683,
0,0,0.0328448,
0,0,0.0333053,
0,0,0.0253961,
0,0,0.0182704,
0,0,0.0193805,
0,0,0.0212727,
0,0,0.015027,
0,0,0.00615755,
0,0,0.004674,
0,0,0.00725773,
0,0,0.00333761,
0,0,0.00600037,
0,0,0.0100469,
0,0,0.00760098,
0,0,0.00897483,
0,0,0.0174907,
0,0,0.0236201,
0,0,0.0220577,
0,0,0.0210927,
0,0,0.0276787,
0,0,0.0350463,
0,0,0.0348835,
0,0,0.0321311,
0,0,0.0360176,
0,0,0.0435585,
0,0,0.0449881,
0,0,0.0412107,
0,0,0.0420582,
0,0,0.0486628,
0,0,0.0515232,
0,0,0.0475397,
0,0,0.0454583,
0,0,0.0501488,
0,0,0.053963,
0,0,0.0504987,
0,0,0.0459964,
0,0,0.0480775,
0,0,0.0521444,
0,0,0.0497131,
0,0,0.0435881,
0,0,0.0427468,
0,0,0.0462731,
0,0,0.0451079,
0,0,0.038306,
0,0,0.034649,
0,0,0.0368923,
0,0,0.0369307,
0,0,0.0303921,
0,0,0.0244182,
0,0,0.0248202,
0,0,0.0257453,
0,0,0.020267,
0,0,0.0127817,
0,0,0.0110675,
0,0,0.0123912,
0,0,0.00852283,
0,0,0.000510789,
0,0,0.00325982,
0,0,0.00208669,
0,0,0.0040975,
0,0,0.0116192,
0,0,0.017056,
0,0,0.0165295,
0,0,0.0167402,
0,0,0.0228666,
0,0,0.0293063,
0,0,0.0297687,
0,0,0.0284956,
0,0,0.0325534,
0,0,0.0391594,
0,0,0.0407327,
0,0,0.0384678,
0,0,0.0400944,
0,0,0.0459827,
0,0,0.048541,
0,0,0.0458491,
0,0,0.0450213,
0,0,0.049391,
0,0,0.0525825,
0,0,0.0499959,
0,0,0.047008,
0,0,0.0492584,
0,0,0.0525638,
0,0,0.0504939,
0,0,0.0458919,
0,0,0.0457049,
0,0,0.0485279,
0,0,0.0472051,
0,0,0.0416915,
0,0,0.039075,
0,0,0.0408445,
0,0,0.0402949,
0,0,0.0346146,
0,0,0.0298943,
0,0,0.0301657,
0,0,0.0302293,
0,0,0.0250641,
0,0,0.0188308,
0,0,0.0173646,
0,0,0.0177431,
0,0,0.0136226,
0,0,0.00664576,
0,0,0.00345422,
0,0,0.0037836,
0,0,0.00102771,
0,0,0.00585361,
0,0,0.0104975,
0,0,0.0105668,
0,0,0.0118692,
0,0,0.0178606,
0,0,0.0234556,
0,0,0.0241822,
0,0,0.0241563,
0,0,0.0286113,
0,0,0.0344959,
0,0,0.0359899,
0,0,0.0349275,
0,0,0.0374238,
0,0,0.0428688,
0,0,0.0450626,
0,0,0.0433509,
0,0,0.0437322,
0,0,0.0480437,
0,0,0.0506972,
0,0,0.0487426,
0,0,0.0471202,
0,0,0.0497362,
0,0,0.0524711,
0,0,0.0506263,
0,0,0.0473441,
0,0,0.0479116,
0,0,0.0502741,
0,0,0.0487838,
0,0,0.044355,
0,0,0.0427777,
0,0,0.0443123,
0,0,0.0432817,
0,0,0.0383066,
0,0,0.0347551,
0,0,0.035083,
0,0,0.0344761,
0,0,0.0295563,
0,0,0.0244432,
0,0,0.0233301,
0,0,0.0229919,
0,0,0.0186496,
0,0,0.0125725,
0,0,0.00997684,
0,0,0.0096791,
0,0,0.0062961,
0,0,4.53027e-005,
0,0,0.00395436,
0,0,0.00445488,
0,0,0.00667142,
0,0,0.0125666,
0,0,0.0174225,
0,0,0.0183257,
0,0,0.019349,
0,0,0.0241677,
0,0,0.0294496,
0,0,0.0308616,
0,0,0.0308229,
0,0,0.0340904,
0,0,0.0391909,
0,0,0.0410923,
0,0,0.0402366,
0,0,0.0416854,
0,0,0.0459915,
0,0,0.04823,
0,0,0.0468604,
0,0,0.046451,
0,0,0.0494285,
0,0,0.0517349,
0,0,0.0501509,
0,0,0.0480587,
0,0,0.0493224,
0,0,0.051353,
0,0,0.0498039,
0,0,0.0463832,
0,0,0.0457485,
0,0,0.0471363,
0,0,0.0457818,
0,0,0.041507,
0,0,0.0390163,
0,0,0.0394341,
0,0,0.0383299,
0,0,0.0337254,
0,0,0.0296423,
0,0,0.0288611,
0,0,0.0279629,
0,0,0.0235316,
0,0,0.0183053,
0,0,0.0162411,
0,0,0.0154307,
0,0,0.0115935,
0,0,0.00580083,
0,0,0.00253971,
0,0,0.00166299,
0,0,0.00128515,
0,0,0.00701448,
0,0,0.0112157,
0,0,0.0123035,
0,0,0.0142144,
0,0,0.0192757,
0,0,0.0240145,
0,0,0.0254074,
0,0,0.0262783,
0,0,0.0301639,
0,0,0.0349382,
0,0,0.0366474,
0,0,0.0365985,
0,0,0.0389557,
0,0,0.0432274,
0,0,0.0451651,
0,0,0.0444006,
0,0,0.045065,
0,0,0.0483291,
0,0,0.0503119,
0,0,0.0490747,
0,0,0.0480799,
0,0,0.049932,
0,0,0.0517043,
0,0,0.0502297,
0,0,0.0477884,
0,0,0.0479776,
0,0,0.0492479,
0,0,0.0477263,
0,0,0.0441931,
0,0,0.0426575,
0,0,0.0431477,
0,0,0.0417001,
0,0,0.0375167,
0,0,0.0343918,
0,0,0.0338846,
0,0,0.0325528,
0,0,0.0281879,
0,0,0.0237926,
0,0,0.022176,
0,0,0.0209334,
0,0,0.0168235,
0,0,0.0116192,
0,0,0.00891524,
0,0,0.00768686,
0,0,0.0041877,
0,0,0.00127729,
0,0,0.0048999,
0,0,0.00620408,
0,0,0.00885132,
0,0,0.0140102,
0,0,0.0182475,
0,0,0.0196985,
0,0,0.0213797,
0,0,0.0257137,
0,0,0.030157,
0,0,0.0317778,
0,0,0.0325015,
0,0,0.0355987,
0,0,0.0397811,
0,0,0.0415263,
0,0,0.041401,
0,0,0.043,
0,0,0.0464544,
0,0,0.0482046,
0,0,0.0474069,
0,0,0.0474208,
0,0,0.0497383,
0,0,0.051309,
0,0,0.0500435,
0,0,0.0485583,
0,0,0.0494431,
0,0,0.0506092,
0,0,0.0490743,
0,0,0.0463295,
0,0,0.0456381,
0,0,0.0461685,
0,0,0.0445238,
0,0,0.040872,
0,0,0.0386348,
0,0,0.0383334,
0,0,0.0366858,
0,0,0.0325445,
0,0,0.0289639,
0,0,0.0277057,
0,0,0.0261025,
0,0,0.0219005,
0,0,0.0173294,
0,0,0.015093,
0,0,0.0135323,
0,0,0.00965906,
0,0,0.00455966,
0,0,0.00144443,
0,0,0.00010725,
0,0,0.00334178,
0,0,0.00845311,
0,0,0.0122256,
0,0,0.0138066,
0,0,0.0161976,
0,0,0.0208107,
0,0,0.0249146,
0,0,0.0265432,
0,0,0.0279998,
0,0,0.0316685,
0,0,0.0357064,
0,0,0.0373595,
0,0,0.0378976,
0,0,0.0402894,
0,0,0.0438384,
0,0,0.0454407,
0,0,0.0451625,
0,0,0.0460896,
0,0,0.0487517,
0,0,0.0501753,
0,0,0.049241,
0,0,0.0486781,
0,0,0.0501313,
0,0,0.0512079,
0,0,0.0498015,
0,0,0.0478769,
0,0,0.0479176,
0,0,0.048463,
0,0,0.0467626,
0,0,0.0437366,
0,0,0.0423097,
0,0,0.0421533,
0,0,0.0403079,
0,0,0.0365327,
0,0,0.0337393,
0,0,0.0327574,
0,0,0.0308736,
0,0,0.0267501,
0,0,0.022843,
0,0,0.0209874,
0,0,0.0191253,
0,0,0.015052,
0,0,0.0104057,
0,0,0.00772627,
0,0,0.00590966,
0,0,0.0022401,
0,0,0.00269096,
0,0,0.00603933,
0,0,0.00780743,
0,0,0.0107972,
0,0,0.0155298,
0,0,0.0192943,
0,0,0.0210133,
0,0,0.0231462,
0,0,0.0272223,
0,0,0.0310722,
0,0,0.0327249,
0,0,0.0339288,
0,0,0.0369663,
0,0,0.0405272,
0,0,0.0420649,
0,0,0.0423649,
0,0,0.0440979,
0,0,0.0469934,
0,0,0.0483291,
0,0,0.0478285,
0,0,0.048135,
0,0,0.0500347,
0,0,0.0510464,
0,0,0.049897,
0,0,0.0488022,
0,0,0.049463,
0,0,0.0500108,
0,0,0.0483895,
0,0,0.0460588,
0,0,0.0453566,
0,0,0.0452988,
0,0,0.0433765,
0,0,0.0400888,
0,0,0.038042,
0,0,0.0372665,
0,0,0.0351916,
0,0,0.0313003,
0,0,0.028068,
0,0,0.0265154,
0,0,0.0244017,
0,0,0.0202943,
0,0,0.0161646,
0,0,0.0138493,
0,0,0.0117734,
0,0,0.00782612,
0,0,0.00318663,
0,0,0.00021248,
0,0,0.00177964,
0,0,0.00524192,
0,0,0.00994839,
0,0,0.0133881,
0,0,0.0152663,
0,0,0.017997,
0,0,0.0223205,
0,0,0.0259552,
0,0,0.0276919,
0,0,0.0295397,
0,0,0.0330724,
0,0,0.0365776,
0,0,0.0381325,
0,0,0.0390442,
0,0,0.0414637,
0,0,0.0444959,
0,0,0.0458085,
0,0,0.045821,
0,0,0.046923,
0,0,0.0491558,
0,0,0.05014,
0,0,0.0493615,
0,0,0.049081,
0,0,0.0502494,
0,0,0.0508016,
0,0,0.0493857,
0,0,0.0477935,
0,0,0.0477252,
0,0,0.0477368,
0,0,0.0458604,
0,0,0.0431552,
0,0,0.041798,
0,0,0.0411731,
0,0,0.0390082,
0,0,0.0354857,
0,0,0.0329192,
0,0,0.0315989,
0,0,0.0292982,
0,0,0.0253132,
0,0,0.0217439,
0,0,0.0197253,
0,0,0.0174138,
0,0,0.0133426,
0,0,0.00908434,
0,0,0.00643334,
0,0,0.00420279,
0,0,0.000401201,
0,0,0.00415379,
0,0,0.00729274,
0,0,0.00937692,
0,0,0.0126092,
0,0,0.0170348,
0,0,0.0204439,
0,0,0.0223324,
0,5.29396e-023,0.0247753,
0,1.3497e-022,0.0286568,
0,3.68681e-022,0.0320606,
0,9.80454e-022,0.0337084,
0,2.58538e-021,0.0352354,
0,6.7542e-021,0.0382133,
0,1.74826e-020,0.0413034,
0,4.48356e-020,0.0426604,
0,1.13928e-019,0.0432384,
0,2.86834e-019,0.0450458,
0,7.15522e-019,0.0475134,
0,1.76853e-018,0.0485183,
0,4.33107e-018,0.0482006,
0,1.05093e-017,0.0486916,
0,2.52666e-017,0.0502622,
0,6.01883e-017,0.0508391,
0,1.42059e-016,0.0497432,
0,3.32212e-016,0.048904,
0,7.69741e-016,0.0493753,
0,1.76708e-015,0.0494452,
0,4.01924e-015,0.0477327,
0,9.05742e-015,0.0456772,
0,2.02222e-014,0.0449429,
0,4.47313e-014,0.0444323,
0,9.80268e-014,0.0422849,
0,2.12824e-013,0.0392406,
0,4.57752e-013,0.0373104,
0,9.75354e-013,0.0361676,
0,2.05876e-012,0.0337639,
0,4.30479e-012,0.030042,
0,8.9163e-012,0.0270493,
0,1.82933e-011,0.0252641,
0,3.71757e-011,0.0227642,
0,7.4829e-011,0.0187204,
0,1.49179e-010,0.0149081,
0,2.94547e-010,0.0125254,
0,5.75957e-010,0.0100648,
0,1.11531e-009,0.00606445,
0,2.1387e-009,0.00176544,
0,4.06095e-009,0.00110707,
0,7.63497e-009,0.00342375,
0,1.42122e-008,0.00704522,
0,2.61916e-008,0.0114417,
0,4.77836e-008,0.0146301,
0,8.62945e-008,0.0167227,
0,1.54256e-007,0.0196899,
0,2.72909e-007,0.0237793,
0,4.77834e-007,0.0270528,
0,8.27901e-007,0.0288599,
0,1.41932e-006,0.0309792,
0,2.40736e-006,0.034384,
0,4.03932e-006,0.0374721,
0,6.70407e-006,0.0389402,
0,1.10046e-005,0.0401094,
0,1.78633e-005,0.0425186,
0,2.86707e-005,0.045137,
0,4.54927e-005,0.0462156,
0,7.13516e-005,0.0464249,
0,0.000110599,0.0476253,
0,0.000169396,0.0495043,
0,0.000256319,0.0501398,
0,0.000383082,0.0494598,
0,0.000565378,0.0493593,
0,0.000823792,0.050277,
0,0.00118472,0.0504121,
0,0.00168119,0.0489755,
0,0.00235332,0.047609,
0,0.00324841,0.0474233,
0,0.00442005,0.0470068,
0,0.00592626,0.0449849,
0,0.00782603,0.042504,
0,0.0101743,0.0411688,
0,0.0130149,0.040165,
0,0.0163717,0.0377496,
0,0.0202387,0.0344085,
0,0.0245686,0.0319892,
0,0.029264,0.0303886,
0,0.0341683,0.0277664,
0,0.0390643,0.0238873,
0,0.043677,0.0205598,
0,0.0476872,0.0183958,
0,0.0507537,0.0157381,
0,0.052546,0.0116778,
0,0.0527852,0.00771321,
0,0.0512872,0.00506889,
0,0.0480065,0.00251928,
0,0.0430661,0.00136806,
0,0.0367719,0.00562592,
0,0.0295995,0.00861136,
0,0.022152,0.0109388,
0,0.0150877,0.0143377,
0,0.0090256,0.0185076,
0,0.00444149,0.0216416,
0,0.00157396,0.0236593,
0,0.000361191,0.0263195,
0,0.000427693,0.0300219,
0,0.00113305,0.0330698,
0,0.0016825,0.0347109,
0,0.00128454,0.0364666,
0,0.000673951,0.0393635,
0,0.00447427,0.0420681,
0,0.00997501,0.0432794,
0,0.0166155,0.044055,
0,0.0235247,0.0458831,
0,0.0297211,0.0479886,
0,0.034359,0.0487267,
0,0.0369599,0.0485373,
0,0.0375597,0.0491366,
0,0.0367211,0.0504163,
0,0.0353922,0.0506413,
0,0.0346396,0.049578,
0,0.0353259,0.048908,
0,0.03783,0.0491932,
0,0.0419023,0.0488717,
0,0.0467193,0.0470833,
0,0.05113,0.0452223,
0,0.0540324,0.0444266,
0,0.054753,0.0435399,
0,0.053298,0.0412133,
0,0.0503735,0.0383484,
0,0.047151,0.03648,
0,0.0448464,0.035027,
0,0.044262,0.0323648,
0,0.0454653,0.0287735,
0,0.0477412,0.0259462,
0,0.0498532,0.0239566,
0,0.0505298,0.0211555,
0,0.0489851,0.0171701,
0,0.0452622,0.0135953,
0,0.0402393,0.0111393,
0,0.0352792,0.00837777,
0,0.031653,0.00435269,
0,0.0299829,0.000322393,
0,0.0299531,0.00248543,
0,0.0304352,0.00505676,
0,0.029991,0.00878036,
0,0.0275384,0.0129188,
0,0.0228728,0.0159174,
0,0.0167899,0.0181799,
0,0.0107302,0.0213076,
0,0.00609861,0.0251863,
0,0.0035786,0.0281737,
0,0.00278532,0.0300383,
0,0.00244585,0.0323471,
0,0.00103789,0.0356152,
0,0.00242409,0.0383611,
0,0.00785891,0.0397624,
0,0.0141343,0.0411155,
0,0.0196416,0.0434759,
0,0.0231417,0.045743,
0,0.0244343,0.0466354,
0,0.024477,0.0469867,
0,0.0248679,0.048225,
0,0.0269588,0.0497907,
0,0.0310841,0.0501435,
0,0.0363485,0.049534,
0,0.0411146,0.0495411,
0,0.04393,0.0502222,
0,0.0443702,0.0500157,
0,0.0432979,0.0485609,
0,0.0423638,0.0473457,
0,0.0430287,0.0470252,
0,0.0456771,0.0462519,
0,0.0493649,0.0441186,
0,0.0523775,0.0418012,
0,0.0532729,0.0404454,
0,0.0517791,0.0391174,
0,0.048978,0.0365083,
0,0.0466395,0.0333089,
0,0.0461063,0.0309764,
0,0.0474299,0.0291272,
0,0.0493242,0.0262551,
0,0.0499853,0.0224699,
0,0.0482673,0.0193159,
0,0.0444459,0.0170094,
0,0.0400558,0.0140789,
0,0.0368861,0.0100471,
0,0.0357876,0.00631247,
0,0.0360944,0.00365053,
0,0.0360672,0.000845797,
0,0.0340786,0.00308471,
0,0.0297416,0.00709471,
0,0.0241983,0.00997295,
0,0.0193462,0.0124981,
0,0.0165255,0.0160025,
0,0.0155774,0.0199443,
0,0.0149534,0.0228637,
0,0.0128171,0.0249901,
0,0.00836961,0.0277977,
0,0.00244484,0.0313226,
0,0.0030712,0.0340799,
0,0.00659766,0.0357215,
0,0.00801085,0.037638,
0,0.00873735,0.0404283,
0,0.0106988,0.0428059,
0,0.0148744,0.0439056,
0,0.0205524,0.0448249,
0,0.0258474,0.0466264,
0,0.029115,0.0484119,
0,0.0302032,0.048936,
0,0.0305786,0.0488418,
0,0.0322136,0.0494891,
0,0.0360713,0.0504978,
0,0.0413598,0.0504348,
0,0.046151,0.0493967,
0,0.0488983,0.0488299,
0,0.0496752,0.0489233,
0,0.0501434,0.0482766,
0,0.0522579,0.0464336,
0,0.0567172,0.0447078,
0,0.0623974,0.0438193,
0,0.0672358,0.0426105,
0,0.0698695,0.0401502,
0,0.0707009,0.0374235,
0,0.0715102,0.0355671,
0,0.0739097,0.0338384,
0,0.0778963,0.0309783,
0,0.0817051,0.0275002,
0,0.0831152,0.0247794,
0,0.0811478,0.0225957,
0,0.0767593,0.0195585,
0,0.0719457,0.01564,
0,0.0680144,0.012245,
0,0.0644884,0.00970094,
0,0.0596002,0.00669804,
0,0.0519743,0.00268073,
0,0.0420677,0.00112713,
0,0.0321025,0.00390569,
0,0.0244975,0.00668728,
0,0.0200972,0.0104636,
0,0.0176888,0.0143724,
0,0.0152055,0.0172302,
0,0.0115467,0.0196382,
0,0.00741124,0.0228679,
0,0.00440355,0.026543,
0,0.00322333,0.0292987,
0,0.00259883,0.031219,
0,5.8834e-006,0.0336582,
0,0.00636634,0.0367751,
0,0.0160843,0.0392312,
0,0.0267213,0.0405869,
0,0.0356925,0.042072,
0,0.0420823,0.0443486,
0,0.0468988,0.0463051,
0,0.0516237,0.047052,
0,0.0564877,0.0475107,
0,0.0601384,0.0487381,
0,0.0610591,0.0500131,
0,0.059407,0.0501346,
0,0.0574692,0.0495822,
0,0.0581459,0.0496431,
0,0.0626948,0.0500905,
0,0.0697139,0.0495972,
0,0.0762748,0.0481325,
0,0.0802043,0.0470165,
0,0.0814976,0.0465439,
0,0.0817016,0.0454643,
0,0.0820203,0.0432495,
0,0.0820639,0.041054,
0,0.0804796,0.0396425,
0,0.0767909,0.0380278,
3.74339e-023,0.0725179,0.0352708,
6.48375e-023,0.0702684,0.0321889,
1.05879e-022,0.0714756,0.0298972,
1.83388e-022,0.0748649,0.0278187,
3.1095e-022,0.0771932,0.0247509,
5.21394e-022,0.0757303,0.0210553,
8.73904e-022,0.0703238,0.0180247,
1.46088e-021,0.0632447,0.0155755,
2.43234e-021,0.0570793,0.0124283,
4.03679e-021,0.0526892,0.00844236,
6.67679e-021,0.0490769,0.00489096,
1.10062e-020,0.0450322,0.00218978,
1.80819e-020,0.0406917,0.000822153,
2.96073e-020,0.0373201,0.0047585,
4.83177e-020,0.0355552,0.00855466,
7.85906e-020,0.0340648,0.0113639,
1.27409e-019,0.0302564,0.0140551,
2.05871e-019,0.0226092,0.0176151,
3.31562e-019,0.012415,0.0213443,
5.32249e-019,0.00308889,0.0240966,
8.51627e-019,0.00252301,0.0263203,
1.35823e-018,0.00444583,0.0292208,
2.1592e-018,0.005397,0.0325637,
3.42147e-018,0.00835435,0.0350789,
5.40429e-018,0.0141797,0.0367308,
8.50892e-018,0.0214144,0.0387576,
1.33545e-017,0.0281411,0.041418,
2.0893e-017,0.0338227,0.0435106,
3.25836e-017,0.0392695,0.044527,
5.06558e-017,0.0450233,0.0455505,
7.85046e-017,0.0501845,0.0472861,
1.21283e-016,0.0531883,0.0487798,
1.8679e-016,0.0538005,0.0491333,
2.86785e-016,0.0540709,0.0491142,
4.38949e-016,0.0568789,0.0497618,
6.69779e-016,0.0632287,0.050509,
1.01886e-015,0.0709614,0.0502062,
1.54513e-015,0.0763558,0.0491927,
2.33609e-015,0.0772889,0.0486822,
3.52122e-015,0.0750159,0.0485764,
5.29152e-015,0.0729225,0.0476512,
7.92781e-015,0.0735081,0.0457717,
1.18418e-014,0.0764866,0.0441398,
1.76352e-014,0.0796182,0.0431342,
2.61843e-014,0.0811018,0.0416426,
3.87621e-014,0.0809728,0.0390834,
5.72113e-014,0.0802895,0.0364668,
8.41916e-014,0.0794047,0.0345861,
1.2353e-013,0.0775076,0.0326065,
1.80717e-013,0.073982,0.0295931,
2.63603e-013,0.0698478,0.026216,
3.8338e-013,0.067281,0.0235598,
5.55957e-013,0.0673696,0.0211912,
8.03879e-013,0.068476,0.0179675,
1.15899e-012,0.0672654,0.0141215,
1.66615e-012,0.0617496,0.0108629,
2.38833e-012,0.0533893,0.008222,
3.41371e-012,0.0460052,0.00502545,
4.86536e-012,0.0423796,0.00104041,
6.9145e-012,0.0418055,0.00258201,
9.7987e-012,0.0409266,0.00535769,
1.38466e-011,0.036929,0.00831227,
1.95111e-011,0.0298963,0.0121014,
2.74155e-011,0.0221995,0.0158039,
3.84134e-011,0.0159227,0.0185595,
5.36721e-011,0.0111564,0.0210924,
7.47816e-011,0.00668801,0.0243757,
1.03902e-010,0.00183894,0.0278529,
1.4396e-010,0.00289614,0.0304208,
1.98906e-010,0.00703435,0.0323958,
2.7406e-010,0.0113639,0.0349166,
3.76566e-010,0.0173749,0.0378697,
5.15978e-010,0.0252671,0.0400771,
7.05054e-010,0.0329649,0.0414036,
9.60762e-010,0.0377423,0.0429792,
1.30561e-009,0.0390925,0.0451442,
1.76937e-009,0.0397199,0.0468241,
2.3913e-009,0.0432199,0.0474575,
3.22299e-009,0.0505432,0.0479944,
4.33211e-009,0.0588743,0.0491702,
5.80703e-009,0.0642262,0.0501737,
7.76293e-009,0.0652171,0.0501075,
1.03494e-008,0.064239,0.0496015,
1.37603e-008,0.0649442,0.0496709,
1.82458e-008,0.068749,0.0498857,
2.4128e-008,0.0738694,0.0491511,
3.18203e-008,0.0775317,0.0476847,
4.18517e-008,0.0787026,0.0466257,
5.48972e-008,0.0785154,0.0459866,
7.18153e-008,0.0784341,0.0446426,
9.3694e-008,0.0786434,0.0423722,
1.2191e-007,0.0784653,0.0402647,
1.58196e-007,0.0778608,0.0387669,
2.04732e-007,0.0777477,0.0368959,
2.64246e-007,0.0785569,0.034031,
3.40143e-007,0.0789837,0.0310493,
4.36667e-007,0.076948,0.0287599,
5.59079e-007,0.0720738,0.0264663,
7.13883e-007,0.0667572,0.0232476,
9.09109e-007,0.0640994,0.0196417,
1.15462e-006,0.0645672,0.0166953,
1.46249e-006,0.0650885,0.0141015,
1.84747e-006,0.0619425,0.0107817,
2.32753e-006,0.0546208,0.00685727,
2.92445e-006,0.0465214,0.00345385,
3.66456e-006,0.0415828,0.000696927,
4.57962e-006,0.0403398,0.00248425,
5.70772e-006,0.0395327,0.00639662,
7.09451e-006,0.0355776,0.0100052,
8.79437e-006,0.0281166,0.0127746,
1.0872e-005,0.0199981,0.0156054,
1.3404e-005,0.0140674,0.019181,
1.64808e-005,0.0104572,0.0227106,
2.02086e-005,0.0070914,0.0253331,
2.47119e-005,0.0023041,0.0276435,
3.01359e-005,0.0036433,0.0305927,
3.66497e-005,0.00956128,0.0337503,
4.44486e-005,0.0150787,0.0360623,
5.37581e-005,0.0207572,0.0377307,
6.48375e-005,0.0266765,0.0398261,
7.79824e-005,0.0317705,0.0423378,
9.35307e-005,0.0351587,0.0441797,
0.000111865,0.0378083,0.0451352,
0.000133416,0.0419982,0.0462307,
0.000158669,0.0486789,0.0478696,
0.000188164,0.055803,0.0490965,
0.000222507,0.060071,0.0493133,
0.00026236,0.060581,0.0493496,
0.000308458,0.060231,0.049958,
0.0003616,0.0628827,0.0504545,
0.000422659,0.0691314,0.0499532,
0.00049257,0.0754224,0.0489626,
0.000572342,0.0777295,0.0484676,
0.000663041,0.0758637,0.048157,
0.000765798,0.0736511,0.0469937,
0.000881789,0.074786,0.0450924,
0.00101223,0.0789552,0.0435191,
0.00115836,0.0824254,0.0423782,
0.00132144,0.0821996,0.040639,
0.00150269,0.0790105,0.0380097,
0.00170334,0.0760597,0.0354762,
0.00192451,0.0753571,0.0335396,
0.00216727,0.0759252,0.0313336,
0.00243252,0.075488,0.0282088,
0.00272101,0.0731493,0.0249225,
0.00303327,0.0698695,0.0222915,
0.00336957,0.0667214,0.0197443,
0.00372989,0.0635858,0.0163792,
0.0041138,0.0599005,0.0126145,
0.00452052,0.0560094,0.00945579,
0.00494874,0.0528647,0.00670786,
0.00539669,0.050352,0.00335709,
0.00586196,0.046786,0.000572374,
0.00634161,0.0408183,0.00403802,
0.00683198,0.0335722,0.00683356,
0.00732873,0.0279436,0.00993121,
0.00782685,0.0253116,0.0136991,
0.00832056,0.0234951,0.0172125,
0.00880339,0.0188388,0.0198977,
0.00926817,0.0104415,0.0225386,
0.00970708,0.00157026,0.0258354,
0.0101116,0.00376386,0.0291183,
0.0104728,0.00537394,0.0315346,
0.0107812,0.00726954,0.0335629,
0.0110271,0.0131947,0.0361247,
0.0112006,0.0223717,0.0389022,
0.0112918,0.0303653,0.0408951,
0.0112908,0.0340684,0.0422074,
0.0111883,0.0350613,0.0438397,
0.0109754,0.0375941,0.0458685,
0.0106443,0.0437265,0.0472969,
0.010188,0.0512641,0.0478431,
0.00960077,0.056571,0.0484357,
0.00887864,0.0586436,0.0495287,
0.00801923,0.0597641,0.0502769,
0.00702222,0.0624708,0.0500569,
0.00588934,0.0668014,0.0495871,
0.00462475,0.0708483,0.0496285,
0.00323495,0.0733214,0.049614,
0.00172898,0.074707,0.0486758,
0.000118383,0.0760016,0.0472136,
0.00158284,0.0772527,0.0461765,
0.00335831,0.0779447,0.0453593,
0.00518942,0.0782836,0.043785,
0.00705564,0.0791141,0.0414784,
0.00893475,0.0803879,0.0394313,
0.0108032,0.0805945,0.0378269,
0.0126365,0.0785079,0.0357284,
0.0144099,0.0751934,0.0327867,
0.0160986,0.0732561,0.0298861,
0.0176784,0.0736853,0.0275669,
0.0191263,0.0741756,0.0250748,
0.020421,0.0715139,0.0217465,
0.0215436,0.0655521,0.0182278,
0.022478,0.0598108,0.0153296,
0.0232108,0.0575249,0.0125908,
0.0237329,0.0576641,0.00913922,
0.0240386,0.0559054,0.00529109,
0.0241266,0.0496933,0.00200418,
0.0239997,0.041391,0.000823578,
0.0236648,0.0356074,0.00414019,
0.023133,0.0337884,0.00800115,
0.0224191,0.0325475,0.0114444,
0.0215412,0.027731,0.0141999,
0.0205203,0.0193018,0.017148,
0.0193797,0.0112363,0.0207033,
0.0181444,0.00674293,0.0240428,
0.0168399,0.00465771,0.0265671,
0.015492,0.00116301,0.0289556,
0.0141255,0.00558588,0.0319153,
0.0127637,0.0135716,0.0348839,
0.0114277,0.0196653,0.0370253,
0.0101353,0.0232676,0.038717,
0.00890092,0.0265077,0.0408468,
0.00773491,0.0313165,0.0431936,
0.00664331,0.0373232,0.0448123,
0.00562775,0.0428556,0.0457247,
0.00468542,0.0471571,0.0468647,
0.00380941,0.0508544,0.0483808,
0.00298905,0.0545908,0.0493603,
0.00221051,0.0581743,0.0494685,
0.00145752,0.0613409,0.049545,
0.000712204,0.0645534,0.0500828,
4.40064e-005,0.0682797,0.0503383,
0.000829364,0.0718042,0.0496723,
0.00166085,0.0737448,0.0487022,
0.0025532,0.0740298,0.0481891,
0.00351804,0.0745337,0.0476706,
0.00456315,0.0769255,0.0463042,
0.00569183,0.0802177,0.0443941,
0.00690249,0.0815269,0.0428493,
0.0081885,0.0796245,0.041555,
0.00953817,0.0768429,0.0395961,
0.010935,0.0764892,0.036923,
0.0123584,0.0786451,0.0344547,
0.0137839,0.0797438,0.0324376,
0.0151846,0.0768416,0.0300224,
0.0165319,0.0714139,0.026818,
0.0177967,0.067744,0.0236164,
0.0189507,0.0676702,0.020984,
0.0199673,0.068224,0.0182646,
0.0208233,0.0652412,0.0147905,
0.0214992,0.0585265,0.0111114,
0.0219808,0.0521111,0.00802619,
0.0222595,0.0492753,0.00516794,
0.0223322,0.0485713,0.00169498,
0.0222027,0.0457521,0.00216347,
0.0218799,0.0390631,0.00549554,
0.0213787,0.0312593,0.00832499,
0.020719,0.0260353,0.0115393,
0.019924,0.0235532,0.0152608,
0.0190201,0.0205724,0.0186012,
0.0180348,0.0146541,0.0212387,
0.016996,0.00698044,0.023971,
0.0159303,0.000539065,0.0272499,
0.0148618,0.00359277,0.0303436,
0.0138109,0.00716059,0.0326348,
0.0127937,0.012181,0.0347112,
0.0118206,0.0185602,0.0372823,
0.0108968,0.0246802,0.0398799,
0.0100214,0.0296,0.0416861,
0.00918828,0.0338377,0.04299,
0.00838628,0.0381973,0.0446485,
0.0076001,0.0427361,0.0465263,
0.00681151,0.0471731,0.0477296,
0.00600053,0.0515912,0.0482071,
0.00514684,0.0560803,0.0488312,
0.00423123,0.0600591,0.0498147,
0.00323696,0.0628145,0.0503237,
0.00215108,0.0647843,0.0499785,
0.000965404,0.0674438,0.0495347,
0.000322635,0.071369,0.0495178,
0.00170951,0.0750175,0.0492787,
0.00318545,0.0763813,0.0481692,
0.00473473,0.0757589,0.0467148,
0.00633617,0.0757953,0.0456706,
0.00796411,0.0781974,0.0446681,
0.00958955,0.081228,0.0428934,
0.0111816,0.0816111,0.0405672,
0.012709,0.0787835,0.0385579,
0.0141416,0.0759218,0.0368288,
0.0154519,0.0760277,0.034523,
0.0166168,0.0779343,0.0315285,
0.0176183,0.0775901,0.0286982,
0.0184442,0.0732398,0.0263303,
0.0190895,0.0678293,0.0236533,
0.0195556,0.0653359,0.0202411,
0.0198505,0.065644,0.0168047,
0.0199881,0.0646447,0.0139329,
0.0199871,0.0595191,0.0110566,
0.0198699,0.0523799,0.00750304,
0.0196608,0.0475458,0.00373469,
0.0193847,0.0460155,0.000539897,
0.0190655,0.0442983,0.00236138,
0.0187242,0.0390078,0.00578309,
0.0183781,0.0311611,0.00957762,
0.0180392,0.0247112,0.0128771,
0.0177136,0.0214466,0.0156324,
0.0174017,0.0189267,0.0186732,
0.0170973,0.0138658,0.022184,
0.0167891,0.00630395,0.0253479,
0.0164609,0.000735466,0.0277962,
0.016093,0.00524571,0.0302481,
0.0156637,0.00852682,0.0331885,
0.0151509,0.013132,0.0359726,
0.0145339,0.0195849,0.0379694,
0.0137948,0.0260802,0.0396794,
0.01292,0.0310289,0.0418114,
0.0119015,0.0348196,0.043988,
0.0107377,0.0388421,0.0454127,
0.00943367,0.0436254,0.0462915,
0.00800131,0.0485625,0.0474467,
0.00645878,0.0530098,0.0488224,
0.0048298,0.0568837,0.0495786,
0.00314222,0.0602543,0.0496006,
0.0014266,0.0631121,0.0496974,
0.000285504,0.0657718,0.0501375,
0.00196329,0.0688411,0.050164,
0.00357844,0.0722733,0.0493615,
0.00510669,0.0749285,0.0484058,
0.00652904,0.0758598,0.0478466,
0.00783276,0.0758794,0.0471223,
0.00901184,0.0768938,0.0455824,
0.010067,0.0793398,0.0436689,
0.0110053,0.0811819,0.0421276,
0.0118392,0.0803553,0.0406741,
0.0125856,0.0777234,0.0385228,
0.013264,0.0763081,0.0358205,
0.0138948,0.0773223,0.0333964,
0.0144979,0.0782508,0.0312846,
0.0150907,0.0759611,0.0286826,
0.0156865,0.070998,0.0254207,
0.0162938,0.0671542,0.022289,
0.0169149,0.0665086,0.0196346,
0.017546,0.0664834,0.0167607,
0.0181767,0.0631179,0.0132087,
0.0187915,0.0564111,0.00960943,
0.0193698,0.0505023,0.0065701,
0.019888,0.048231,0.00360698,
0.0203208,0.0472953,4.67403e-005,
0.0206431,0.0432735,0.00373279,
0.0208315,0.0355575,0.00695901,
0.0208666,0.0282176,0.00983058,
0.0207339,0.0245945,0.0131297,
0.0204251,0.0228803,0.016784,
0.0199388,0.0186132,0.0199729,
0.0192808,0.0106734,0.0225822,
0.0184634,0.00271334,0.0253831,
0.0175053,0.0017777,0.0286152,
0.0164298,0.00402947,0.031532,
0.0152635,0.00813817,0.0337257,
0.0140348,0.0155262,0.0358394,
0.0127715,0.0232073,0.0383851,
0.0114996,0.027928,0.0408017,
0.0102412,0.030377,0.0424506,
0.00901363,0.0339454,0.0437499,
0.007828,0.0400878,0.0454029,
0.00668911,0.0466226,0.0471166,
0.00559531,0.0508914,0.0481207,
0.00453912,0.053165,0.0485462,
0.00350813,0.0558817,0.0491778,
0.00248643,0.0602455,0.0500308,
0.00145623,0.064918,0.0503198,
0.00039965,0.0681235,0.049874,
0.000699486,0.069881,0.0494421,
0.00185396,0.07153,0.0493404,
0.00307174,0.0737752,0.0488854,
0.00435499,0.076081,0.0476321,
0.00569939,0.0777485,0.0461817,
0.00709414,0.0787156,0.045104,
0.00852233,0.0791754,0.0439189,
0.00996189,0.079152,0.0419744,
0.0113869,0.0788261,0.0396346,
0.0127691,0.0786685,0.0376352,
0.0140801,0.0786814,0.0357732,
0.0152926,0.0779462,0.0332925,
0.0163829,0.0757122,0.0302658,
0.0173319,0.0727667,0.0274813,
0.0181265,0.0707401,0.0250414,
0.0187604,0.0697953,0.0222024,
0.0192342,0.068001,0.0187399,
0.0195551,0.0638262,0.0153765,
0.0197362,0.0585499,0.0125013,
0.0197953,0.0548629,0.00949563,
0.0197534,0.053124,0.00587659,
0.0196326,0.0505326,0.00219372,
0.0194545,0.0448542,0.00093743,
0.0192386,0.0377572,0.00391783,
0.0190003,0.0328193,0.00741225,
0.0187498,0.0305751,0.0111229,
0.0184919,0.0275317,0.0143014,
0.0182247,0.0209002,0.0170723,
0.0179407,0.0126502,0.0201802,
0.0176271,0.00701889,0.0236204,
0.0172674,0.00465227,0.0266235,
0.0168424,0.00156133,0.0290199,
0.0163324,0.00539613,0.0315202,
0.0157188,0.0140256,0.0344095,
0.014986,0.0196939,0.0370128,
0.0141231,0.0217406,0.0388936,
0.0131246,0.0244433,0.0406213,
0.0119919,0.0310702,0.0427243,
0.0107327,0.0392752,0.0447217,
0.00936148,0.044312,0.0459764,
0.00789829,0.0456112,0.0468314,
0.00636766,0.047525,0.0479772,
0.00479691,0.0532145,0.0491964,
0.00321443,0.0602593,0.0497496,
0.00164777,0.0640822,0.0497029,
0.000121821,0.0642998,0.0498023,
0.00134273,0.0651182,0.050124,
0.00273066,0.0693738,0.0499368,
0.00403296,0.0746621,0.0490227,
0.00524707,0.0768378,0.0480715,
0.00637666,0.0757677,0.0474406,
0.00743077,0.0752966,0.0465173,
0.00842263,0.0777564,0.0448323,
0.00936805,0.0808676,0.0429152,
0.0102837,0.08115,0.0413492,
0.0111853,0.0787413,0.0397341,
0.0120857,0.0769181,0.0374236,
0.0129939,0.0773846,0.0347062,
0.0139131,0.0781202,0.0322997,
0.014841,0.076493,0.0300759,
0.0157691,0.0728787,0.0273146,
0.0166833,0.069799,0.0240246,
0.0175646,0.0682733,0.020948,
0.0183909,0.0666896,0.0182439,
0.0191381,0.0633854,0.0152274,
0.0197825,0.0588829,0.0116316,
0.0203021,0.0547913,0.00811348,
0.0206787,0.0514633,0.00509352,
0.020899,0.0478534,0.00202497,
0.0209561,0.0433151,0.00159125,
0.0208492,0.0383752,0.00527962,
0.0205849,0.0336199,0.0084223,
0.0201752,0.0288291,0.0113462,
0.0196375,0.0236774,0.0147044,
0.018993,0.0185006,0.0182715,
0.0182647,0.0136517,0.0213253,
0.0174757,0.0086445,0.023924,
0.0166475,0.00285125,0.0267748,
0.0157985,0.00320431,0.0299329,
0.0149421,0.00832055,0.0326807,
0.0140865,0.0125172,0.0348003,
0.0132338,0.0173312,0.0369441,
0.0123806,0.0235793,0.0394364,
0.0115182,0.0298049,0.0416701,
0.010634,0.0341349,0.043186,
0.00971294,0.0371556,0.044484,
0.00873938,0.0413546,0.0461061,
0.00769861,0.0474862,0.0476456,
0.00657876,0.0531416,0.048471,
0.00537218,0.0560349,0.048855,
0.00407667,0.0574784,0.0494729,
0.00269608,0.0607274,0.050179,
0.00124049,0.0662157,0.0502659,
0.000274254,0.070639,0.0497391,
0.00182736,0.0715993,0.0493045,
0.00339449,0.0712339,0.049096,
0.0049493,0.0733113,0.048438,
0.00646538,0.0777104,0.0470686,
0.00791795,0.0803745,0.0456177,
0.00928566,0.0791061,0.0444782,
0.0105518,0.0768879,0.0431093,
0.0117056,0.0776927,0.0410247,
0.0127424,0.0806706,0.0386815,
0.0136636,0.0812369,0.0366688,
0.0144765,0.0776899,0.034663,
0.0151927,0.0737803,0.0320314,
0.0158273,0.0733509,0.0289925,
0.0163963,0.0747331,0.0262394,
0.0169161,0.0731073,0.0237105,
0.0174004,0.0675044,0.0207258,
0.0178599,0.0622664,0.0172381,
0.0183002,0.0607801,0.0139412,
0.0187218,0.0605706,0.0110424,
0.0191195,0.0569169,0.00791537,
0.0194827,0.049729,0.00425784,
0.0197965,0.0436763,0.000662699,
0.0200428,0.0414087,0.0024256,
0.020202,0.0397728,0.00548489,
0.0202547,0.0344832,0.00902465,
0.020183,0.0263646,0.0126405,
0.0199733,0.0200882,0.015718,
0.0196163,0.0173753,0.0185142,
0.0191087,0.0146243,0.021666,
0.0184536,0.00828704,0.0250156,
0.0176601,1.02864e-005,0.027872,
0.016743,0.00588139,0.0302335,
0.0157215,0.00867093,0.0327662,
0.0146178,0.0120951,0.0355791,
0.0134553,0.0187448,0.038008,
0.0122574,0.0263675,0.0397953,
0.0110447,0.0313139,0.0415344,
0.00983469,0.0338125,0.0435816,
0.00863967,0.0373808,0.0453974,
0.0074667,0.0435505,0.0465071,
0.00631709,0.0497789,0.0473434,
0.00518696,0.0533481,0.0484541,
0.00406798,0.0552379,0.0495054,
0.00294871,0.0583993,0.0498776,
0.00181613,0.0633437,0.0497766,
0.000657315,0.0676116,0.0498571,
0.000538789,0.0695553,0.0500397,
0.00177991,0.0705924,0.0496563,
0.00306918,0.0728227,0.0486567,
0.00440437,0.0759237,0.0477004,
0.00577758,0.0778986,0.0469706,
0.00717546,0.0781606,0.0458524,
0.00857988,0.0781763,0.0440528,
0.00996927,0.0790234,0.0421385,
0.0113199,0.0798627,0.040524,
0.0126079,0.0794862,0.0387384,
0.0138104,0.0781997,0.036291,
0.0149082,0.0771113,0.0335734,
0.015886,0.0762569,0.0311698,
0.0167343,0.0746887,0.0288224,
0.0174491,0.0721994,0.0259192,
0.0180328,0.0696727,0.0226196,
0.0184929,0.0674948,0.019589,
0.0188415,0.0648097,0.016821,
0.0190935,0.0609989,0.0136752,
0.0192655,0.0569059,0.010058,
0.0193736,0.0535691,0.00661694,
0.0194323,0.0504003,0.00359837,
0.0194525,0.0459616,0.000431156,
0.0194406,0.0403618,0.00321536,
0.0193984,0.0353645,0.0068087,
0.0193221,0.0316934,0.00988751,
0.0192033,0.0276985,0.0128657,
0.0190295,0.0217919,0.0162576,
0.0187859,0.0150977,0.0197241,
0.0184563,0.00999207,0.0226601,
0.0180251,0.00644735,0.02526,
0.0174791,0.00185754,0.0281408,
0.0168085,0.00502528,0.0312051,
0.0160087,0.0119458,0.0337952,
0.0150803,0.0163617,0.0358583,
0.0140303,0.0193802,0.038019,
0.0128706,0.0242665,0.0404324,
0.0116184,0.0314636,0.0424874,
0.0102942,0.0376764,0.0438931,
0.00892084,0.0407156,0.0451874,
0.00752133,0.0429199,0.0467516,
0.00611761,0.0477619,0.0481114,
0.00472868,0.0545227,0.0487827,
0.00336952,0.0591647,0.0491352,
0.00205013,0.0603536,0.0497166,
0.000775148,0.0615936,0.05026,
0.000456005,0.066029,0.0501643,
0.00164854,0.0716027,0.049576,
0.00281124,0.0739989,0.0491233,
0.00395509,0.073133,0.0487844,
0.00509165,0.0733853,0.0479322,
0.0062315,0.0770425,0.0464734,
0.00738265,0.0807613,0.0450219,
0.00854928,0.0805102,0.0437988,
0.00973092,0.0776607,0.0422449,
0.0109219,0.0769984,0.0400434,
0.0121115,0.0795294,0.0377054,
0.0132845,0.0809099,0.0356629,
0.0144221,0.0779524,0.033506,
0.0155037,0.0734532,0.0307424,
0.0165077,0.0720239,0.0277043,
0.0174141,0.0731589,0.0249698,
0.0182051,0.071993,0.0223417,
0.0188673,0.0666353,0.0192281,
0.0193924,0.0610277,0.0157339,
0.0197775,0.0590235,0.0124955,
0.0200251,0.0586191,0.00955806,
0.0201435,0.0550221,0.00632109,
0.0201448,0.0478889,0.00264884,
0.0200441,0.0418211,0.000859254,
0.0198581,0.0394375,0.00392323,
0.0196034,0.0375075,0.00705902,
0.0192946,0.0319101,0.0106195,
0.0189435,0.0238458,0.0141318,
0.0185575,0.0179689,0.0171252,
0.0181397,0.0153914,0.0199528,
0.017688,0.0121406,0.0231274,
0.0171961,0.00525456,0.0263714,
0.0166541,0.00279217,0.0290944,
0.0160497,0.00790525,0.0314346,
0.0153697,0.0104868,0.0339852,
0.0146017,0.0146455,0.0367024,
0.0137353,0.0219105,0.0389658,
0.0127641,0.0290224,0.0406788,
0.011686,0.0329427,0.042424,
0.0105042,0.0353228,0.0443949,
0.00922741,0.0398006,0.0460336,
0.00786916,0.0464727,0.0470257,
0.00644723,0.0519063,0.0478559,
0.00498235,0.0543919,0.0489236,
0.00349672,0.0563459,0.0498167,
0.00201241,0.0604537,0.0500524,
0.000549806,0.0656557,0.0499456,
0.000873846,0.0689483,0.0500399,
0.00224549,0.0699399,0.0501309,
0.00355696,0.0712099,0.0496445,
0.0048052,0.0742441,0.0486839,
0.005992,0.0773216,0.0478568,
0.00712322,0.0783293,0.0471957,
0.00820768,0.0779027,0.0461238,
0.00925581,0.0782012,0.044524,
0.010278,0.0795544,0.0429813,
0.0112834,0.0801805,0.0417628,
0.0122781,0.0790707,0.0403752,
0.0132643,0.0773835,0.0384996,
0.0142397,0.0764333,0.0366128,
0.0151976,0.0757185,0.035175,
0.0161264,0.0739568,0.0338477,
0.0170111,0.071158,0.0321506,
0.017834,0.0684065,0.0303678,
0.0185764,0.0660106,0.0290663,
0.01922,0.0631617,0.0280945,
0.0197485,0.059457,0.026862,
0.0201488,0.0555537,0.025392,
0.0204122,0.0519282,0.0242416,
0.0205352,0.0480285,0.0234364,
0.0205198,0.0433345,0.0223388,
0.0203728,0.0384179,0.0206877,
0.0201056,0.0340232,0.0189328,
0.0197326,0.0296887,0.0172687,
0.0192704,0.024428,0.0151191,
0.0187357,0.0185142,0.0120125,
0.0181443,0.0132692,0.00827916,
0.0175094,0.00891946,0.00432839,
0.0168406,0.00404061,0.000172564,
0.0161432,0.00218913,0.00572175,
0.0154181,0.00843499,0.012037,
0.0146618,0.0131252,0.0184375,
0.0138673,0.0170335,0.0248579,
0.013025,0.0222428,0.0316697,
0.0121241,0.028799,0.0386456,
0.0111543,0.0343673,0.0449581,
0.0101068,0.0377797,0.0502416,
0.00897594,0.0410235,0.0548361,
0.0077603,0.0462677,0.0588165,
0.00646311,0.0523304,0.0615975,
0.00509255,0.0562779,0.0628623,
0.00366148,0.057978,0.0631585,
0.0021867,0.0604907,0.063097,
0.00068782,0.0653687,0.0625897,
0.000814051,0.0700552,0.0614722,
0.00229786,0.0716768,0.0603362,
0.00374412,0.0715691,0.0600055,
0.0051362,0.0733745,0.0605315,
0.00646142,0.0773822,0.0614469,
0.00771177,0.0798903,0.0627618,
0.00888403,0.0788472,0.0648674,
0.00997967,0.0771468,0.0675163,
0.011004,0.0782767,0.0697519,
0.0119652,0.0808591,0.0709716,
0.0128732,0.08063,0.0713044,
0.0137378,0.0770227,0.0707266,
0.0145678,0.0741797,0.0686256,
0.015369,0.0746254,0.0646848,
0.016144,0.0752848,0.0595463,
0.0168912,0.0721448,0.054062,
0.0176045,0.0665028,0.0484332,
0.0182738,0.0630834,0.0426903,
0.0188858,0.062775,0.0375013,
0.0194251,0.0611931,0.0337025,
0.0198753,0.0554237,0.0312595,
0.0202205,0.0485965,0.0294399,
0.020447,0.0451413,0.0278526,
0.0205443,0.0439619,0.0265227,
0.0205064,0.0401019,0.0249895,
0.0203318,0.0324133,0.0222265,
0.0200244,0.0253968,0.0177203,
0.0195922,0.0223106,0.0119323,
0.0190479,0.0201622,0.00542625,
0.0184065,0.0143428,0.00173535,
0.0176846,0.00577509,0.00930921,
0.016899,0.000470024,0.0162968,
0.0160651,0.0029594,0.0217301,
0.0151957,0.0060608,0.0256242,
0.0142999,0.0131568,0.0285595,
0.0133829,0.0214057,0.0307397,
0.0124456,0.0261179,0.0321988,
0.0114851,0.027945,0.0336376,
0.0104951,0.0317925,0.0361519,
0.00946763,0.0392042,0.0400847,
0.00839357,0.0460003,0.0448489,
0.00726465,0.0487371,0.0499119,
0.00607452,0.0499443,0.0551681,
0.00481999,0.0541179,0.0601752,
0.00350193,0.0607713,0.0638823,
0.0021256,0.0652523,0.0656294,
0.000700837,0.0659239,0.0658655,
0.000758454,0.0665726,0.0654238,
0.00223511,0.0704694,0.0646452,
0.00370982,0.0753714,0.0637514,
0.00516254,0.0770813,0.0635056,
0.00657387,0.0758886,0.0646501,
0.00792646,0.0759721,0.0668838,
0.00920616,0.0789001,0.0691146,
0.0104029,0.0813292,0.0706049,
0.0115112,0.0802633,0.0711887,
0.0125301,0.077586,0.0705115,
0.0134626,0.0769984,0.0680018,
0.0143156,0.078334,0.0638431,
0.0150975,0.0779929,0.0592257,
0.0158181,0.0745593,0.0552492,
0.0164868,0.0708384,0.0521281,
0.017111,0.0694095,0.0497475,
0.0176952,0.0687657,0.0482565,
0.0182406,0.0658397,0.0475003,
0.0187443,0.0607282,0.0464214,
0.0191996,0.0563611,0.0438124,
0.0195961,0.0539385,0.0394668,
0.0199214,0.0512848,0.0340203,
0.0201612,0.0463789,0.0279717,
0.0203015,0.0403795,0.0216083,
0.0203296,0.0356611,0.0156877,
0.0202354,0.0322139,0.0112248,
0.0200125,0.0279157,0.00835741,
0.0196587,0.0219056,0.00608781,
0.0191768,0.0157464,0.00337502,
0.0185738,0.0108921,0.000123898,
0.0178611,0.00661634,0.00456087,
0.0170529,0.00138729,0.0102933,
0.0161653,0.00477383,0.0171775,
0.0152152,0.0105272,0.0240345,
0.0142185,0.0153058,0.0295373,
0.0131891,0.0199384,0.0333815,
0.0121378,0.0251791,0.0360949,
0.0110717,0.0306571,0.0381137,
0.00999409,0.0356333,0.0397727,
0.00890414,0.040051,0.041908,
0.007798,0.0443452,0.0454855,
0.00666939,0.0486896,0.0504521,
0.0055109,0.0529215,0.0556221,
0.00431532,0.0569073,0.0598762,
0.00307682,0.0605587,0.0628861,
0.00179221,0.0637302,0.064594,
0.000461783,0.0664901,0.0648499,
0.0009101,0.0692339,0.0640574,
0.00231491,0.072083,0.0634987,
0.00374022,0.074451,0.064298,
0.0051704,0.0758066,0.0663326,
0.00658758,0.0766522,0.068639,
0.00797302,0.0779312,0.0704844,
0.00930827,0.0794724,0.0714575,
0.0105766,0.0800156,0.0709572,
0.0117643,0.0791453,0.068561,
0.0128612,0.0781539,0.0649336,
0.0138614,0.0781446,0.0615768,
0.0147635,0.078151,0.0594491,
0.0155701,0.076464,0.0583456,
0.016287,0.0733853,0.0576499,
0.0169227,0.0709827,0.056927,
0.0174864,0.0698888,0.0555344,
0.0179875,0.0681243,0.0525131,
0.0184336,0.0641062,0.0475639,
0.0188304,0.0592945,0.0417195,
0.0191799,0.0560955,0.0364543,
0.0194806,0.0540436,0.0323873,
0.0197275,0.0503632,0.029277,
0.0199121,0.0443311,0.0267865,
0.0200238,0.0386195,0.0244893,
0.0200504,0.0352263,0.0214089,
0.0199798,0.0322391,0.0165411,
0.0198008,0.0267239,0.010046,
0.0195049,0.0194298,0.0032855,
0.0190867,0.0138136,0.00250008,
0.0185449,0.0106576,0.00703747,
0.0178829,0.00672349,0.0105461,
0.0171079,0.000197401,0.0132745,
0.0162313,0.00766233,0.0159008,
0.0152672,0.0122598,0.0196212,
0.0142318,0.0149902,0.0250719,
0.0131413,0.0197902,0.0314485,
0.0120117,0.0273097,0.0372501,
0.010857,0.0337297,0.0416505,
0.00968806,0.0366772,0.0447067,
0.00851243,0.0390137,0.0466899,
0.00733388,0.0443882,0.0480333,
0.0061525,0.051417,0.0497473,
0.00496538,0.0557301,0.0529009,
0.00376738,0.0568196,0.0573926,
0.00255223,0.0589002,0.0618365,
0.00131383,0.0642845,0.0649144,
4.74127e-005,0.0696515,0.0663657,
0.00124938,0.0711948,0.0665797,
0.00257566,0.0706289,0.0660033,
0.00392676,0.0725341,0.0653641,
0.00529417,0.0771222,0.0657314,
0.00666584,0.0798329,0.0675317,
0.00802683,0.0784865,0.069763,
0.00936027,0.0767457,0.0708241,
0.0106486,0.0783674,0.0700093,
0.0118746,0.0812606,0.0677586,
0.0130232,0.0807509,0.0647963,
0.0140818,0.0769483,0.0617607,
0.0150416,0.0745976,0.0594591,
0.015898,0.0756104,0.0584909,
0.0166502,0.0760544,0.0582981,
0.0173015,0.072358,0.0572914,
0.0178581,0.0669519,0.0543442,
0.0183285,0.0644471,0.0497728,
0.018722,0.0643882,0.044668,
0.0190475,0.062007,0.0398577,
0.0193129,0.0557664,0.0358405,
0.0195232,0.0497821,0.032978,
0.0196806,0.0473415,0.0309643,
0.0197839,0.0457719,0.0284712,
0.0198286,0.0407199,0.0241678,
0.0198071,0.0330329,0.0181212,
0.0197099,0.0274043,0.0116761,
0.0195266,0.0249992,0.00605399,
0.0192466,0.0217081,0.0015975,
0.0188609,0.0146959,0.00184008,
0.018363,0.00686007,0.00465971,
0.0177494,0.00223738,0.00781942,
0.0170208,0.000294702,0.0124718,
0.0161821,0.00512981,0.0187201,
0.0152418,0.0129628,0.0251922,
0.0142123,0.019743,0.0303236,
0.0131079,0.0230655,0.0337564,
0.0119447,0.0258491,0.0362012,
0.010739,0.0316193,0.0384872,
0.00950595,0.0389624,0.0412821,
0.00825867,0.0438244,0.0451977,
0.00700736,0.0458627,0.0502359,
0.00575877,0.0488384,0.0552066,
0.00451614,0.0546139,0.0585204,
0.00327933,0.0602914,0.0597797,
0.00204552,0.0628409,0.0601078,
0.000810023,0.0637783,0.0608616,
0.000432552,0.0666289,0.0625605,
0.0016872,0.0713715,0.0650528,
0.00295738,0.0745886,0.0678861,
0.00424405,0.0748673,0.070139,
0.00554501,0.0748808,0.0706561,
0.00685446,0.0770735,0.0691982,
0.0081632,0.0798951,0.0670433,
0.00945878,0.0803644,0.0658407,
0.0107265,0.0787134,0.066011,
0.0119502,0.0778657,0.0666594,
0.0131135,0.078813,0.0667099,
0.014201,0.0792052,0.0655381,
0.0151994,0.0771322,0.0628514,
0.0160985,0.0740168,0.0588835,
0.0168917,0.0722548,0.0547884,
0.0175762,0.0715261,0.0519821,
0.0181532,0.0694717,0.050662,
0.0186275,0.0654152,0.0494557,
0.019006,0.0612798,0.0468419,
0.0192977,0.0585246,0.0425223,
0.0195119,0.0560146,0.0372339,
0.0196571,0.0519461,0.0318636,
0.0197403,0.0466121,0.0271736,
0.019766,0.0418137,0.0237297,
0.0197355,0.0380941,0.0212739,
0.0196469,0.0340858,0.0184192,
0.0194957,0.0287223,0.0137806,
0.0192747,0.0227899,0.00748882,
0.018975,0.0176345,0.00107585,
0.0185876,0.0132057,0.0041192,
0.018104,0.00831071,0.00795016,
0.0175173,0.00245647,0.0110459,
0.0168236,0.0035029,0.0141881,
0.0160221,0.00866372,0.018213,
0.0151161,0.0132885,0.0236457,
0.0141125,0.0182992,0.0298788,
0.0130218,0.0239352,0.0352591,
0.0118575,0.0294503,0.0386295,
0.0106346,0.0341478,0.0405601,
0.00936902,0.0382916,0.0426475,
0.00807644,0.0427026,0.0458851,
0.00677087,0.0475987,0.0501119,
0.00546398,0.0522359,0.0546039,
0.00416436,0.0558916,0.058503,
0.00287724,0.0588973,0.0609355,
0.00160452,0.0622171,0.0616454,
0.000345219,0.066025,0.0616801,
0.000903866,0.069327,0.062709,
0.00214718,0.0713539,0.0652966,
0.00338934,0.0727765,0.0682751,
0.00463406,0.0747876,0.0700474,
0.00588314,0.0772411,0.0700608,
0.00713572,0.0787267,0.068841,
0.00838777,0.0786961,0.067243,
0.00963192,0.0784265,0.0661166,
0.0108577,0.0791257,0.0660742,
0.0120523,0.0799627,0.0667978,
0.0132009,0.0792339,0.0668255,
0.0142883,0.0770582,0.0648082,
0.0152997,0.0753387,0.0610273,
0.0162217,0.0748123,0.0571468,
0.0170438,0.0737719,0.0544585,
0.0177585,0.070682,0.0528417,
0.0183621,0.0667063,0.0513366,
0.0188545,0.0640077,0.0490374,
0.0192393,0.062308,0.0453632,
0.0195228,0.0592142,0.0402935,
0.0197132,0.0540169,0.034792,
0.0198197,0.0489636,0.0303742,
0.0198513,0.0457851,0.0276003,
0.0198159,0.0428809,0.0252785,
0.019719,0.0377922,0.0216724,
0.019564,0.0311931,0.0162994,
0.0193506,0.0259689,0.0101517,
0.0190763,0.0226547,0.00448177,
0.0187358,0.0185051,8.3976e-005,
0.018322,0.0118633,0.00356397,
0.0178271,0.00493164,0.00659111,
0.0172435,0.000372675,0.0103542,
0.0165649,0.00295901,0.0157217,
0.0157872,0.00824473,0.0220852,
0.0149094,0.0155645,0.0276509,
0.0139339,0.021634,0.03127,
0.0128669,0.0249953,0.0336049,
0.0117179,0.0283937,0.0362307,
0.0104991,0.0344019,0.0400249,
0.00922523,0.0412099,0.0447301,
0.00791165,0.0454165,0.0495223,
0.00657379,0.047467,0.0534529,
0.00522604,0.0509833,0.0557944,
0.00388063,0.056935,0.0567584,
0.00254715,0.0619888,0.0577567,
0.00123194,0.0637946,0.0601891,
6.18271e-005,0.0647769,0.0638338,
0.0013339,0.0682687,0.0669759,
0.00258638,0.0731143,0.0682503,
0.00382284,0.0754519,0.0678922,
0.00504741,0.0749001,0.067131,
0.00626359,0.0752022,0.0669612,
0.0074735,0.0782155,0.0676815,
0.00867686,0.0808802,0.0689183,
0.0098706,0.0801021,0.0696211,
0.0110485,0.0777413,0.0686017,
0.0122016,0.0776483,0.0657794,
0.0133183,0.0794672,0.06264,
0.014385,0.0791837,0.0608269,
0.0153876,0.0755827,0.0603472,
0.0163123,0.0722285,0.0596542,
0.0171461,0.0717508,0.0573881,
0.0178788,0.0716166,0.0535359,
0.0185028,0.0682115,0.0490287,
0.0190142,0.0626777,0.044884,
0.0194124,0.0590992,0.0417616,
0.0197005,0.0579498,0.0395706,
0.0198842,0.0553562,0.0371812,
0.0199715,0.0493605,0.0331693,
0.0199715,0.0430938,0.0273814,
0.0198932,0.0397564,0.0213806,
0.0197448,0.0375027,0.0168521,
0.0195327,0.0324612,0.0138212,
0.019261,0.0249999,0.0108451,
0.0189309,0.0191456,0.00665654,
0.018541,0.0161289,0.00115379,
0.0180873,0.0124644,0.00489586,
0.0175643,0.00562059,0.0104551,
0.0169651,0.00188664,0.0146863,
0.0162834,0.00653857,0.0176298,
0.0155134,0.00942949,0.0205578,
0.0146516,0.0144248,0.0249601,
0.0136971,0.0218947,0.0308411,
0.0126524,0.0281242,0.0365078,
0.0115233,0.0312796,0.04038,
0.0103187,0.034283,0.0426185,
0.0090507,0.0400312,0.0446801,
0.00773312,0.0467259,0.0477127,
0.00638104,0.0507913,0.0517557,
0.00500964,0.0525905,0.0560424,
0.00363312,0.0557452,0.0595047,
0.00226386,0.0612598,0.0613293,
0.000911696,0.0659387,0.0617576,
0.000416528,0.0675463,0.0622597,
0.00171703,0.068334,0.064208,
0.00298888,0.0713305,0.067246,
0.00423348,0.0754749,0.0695288,
0.00545381,0.077383,0.0697491,
0.00665346,0.0767805,0.0684523,
0.00783565,0.076852,0.0671956,
0.00900242,0.0790746,0.0669346,
0.0101537,0.0809045,0.0674659,
0.0112867,0.0799241,0.0678807,
0.012396,0.0776805,0.0671355,
0.0134734,0.0771144,0.0646854,
0.014508,0.0778539,0.0611757,
0.0154877,0.0769111,0.058215,
0.016399,0.0735086,0.0567988,
0.017229,0.0702512,0.0560361,
0.0179659,0.0689027,0.054018,
0.0185997,0.0676392,0.0499556,
0.0191236,0.0640762,0.0449434,
0.0195337,0.0590756,0.040595,
0.0198298,0.0552865,0.0374748,
0.0200149,0.0529235,0.0349444,
0.0200946,0.0495489,0.0319332,
0.0200768,0.0440438,0.0276224,
0.0199705,0.0383425,0.0219896,
0.0197846,0.034295,0.0161199,
0.0195276,0.0308,0.0115013,
0.0192062,0.0256951,0.00844379,
0.0188248,0.0192253,0.00548642,
0.0183853,0.0135828,0.000927738,
0.0178872,0.00942655,0.0052165,
0.0173272,0.00496588,0.01129,
0.0167009,0.00109194,0.0158893,
0.0160025,0.00751958,0.019147,
0.0152265,0.0125682,0.0222231,
0.0143682,0.0166679,0.0261384,
0.0134247,0.0216073,0.0311478,
0.0123957,0.027661,0.0366093,
0.0112841,0.0332154,0.0412447,
0.0100957,0.0373231,0.0441385,
0.00883979,0.0410843,0.045876,
0.00752795,0.0458098,0.0482223,
0.00617384,0.0509736,0.052197,
0.0047922,0.0550931,0.0567993,
0.00339778,0.0580134,0.060125,
0.00200446,0.0610366,0.0614913,
0.000624347,0.0648399,0.0619636,
0.000732895,0.0684636,0.0629851,
0.00206045,0.0708285,0.0650359,
0.00335442,0.0723467,0.0675175,
0.00461367,0.0742078,0.0693385,
0.00583927,0.0765395,0.0696101,
0.0070338,0.0782513,0.0684077,
0.00820043,0.0787082,0.0670254,
0.0093421,0.0786562,0.0668817,
0.0104605,0.0790541,0.0678538,
0.0115554,0.0796258,0.0681865,
0.0126242,0.0792979,0.0664463,
0.0136617,0.0778282,0.0631716,
0.0146598,0.0761708,0.0601563,
0.0156086,0.075035,0.0584231,
0.0164964,0.0738108,0.0573812,
0.017311,0.0714937,0.0557315,
0.0180402,0.0682363,0.0526586,
0.0186731,0.065159,0.0483026,
0.0192008,0.0626573,0.0436538,
0.0196172,0.0597755,0.0399392,
0.0199193,0.0556741,0.0374844,
0.0201073,0.0509845,0.0350802,
0.0201846,0.0469046,0.0310688,
0.0201571,0.0433479,0.0252948,
0.0200329,0.0390445,0.0194502,
0.0198206,0.033547,0.0151605,
0.0195295,0.0280277,0.0121759,
0.0191679,0.023509,0.00885966,
0.0187423,0.019236,0.0040895,
0.0182575,0.0138414,0.00178195,
0.0177155,0.00757308,0.0075521,
0.0171161,0.00201547,0.0122253,
0.0164567,0.00238618,0.0156614,
0.0157336,0.00707359,0.0187455,
0.0149418,0.0130739,0.0228172,
0.0140766,0.0192573,0.0283301,
0.0131344,0.0240442,0.0340548,
0.0121133,0.0279376,0.0382072,
0.0110137,0.0327555,0.0405201,
0.00983926,0.038666,0.0426317,
0.00859633,0.0438013,0.0461516,
0.00729436,0.0472088,0.0508411,
0.00594513,0.0504236,0.0550754,
0.00456217,0.0550102,0.0576963,
0.00315988,0.0599542,0.058971,
0.0017526,0.0632051,0.0600399,
0.000353683,0.0649914,0.0618972,
0.00102532,0.0675009,0.0646752,
0.00237525,0.0713191,0.0674191,
0.00368968,0.0743862,0.0687307,
0.00496503,0.0752883,0.0681965,
0.00620025,0.0755943,0.0671184,
0.0073964,0.0773453,0.0672317,
0.00855581,0.0796901,0.0686349,
0.00968143,0.0801951,0.0695864,
0.0107757,0.0788109,0.0685609,
0.01184,0.0780138,0.0659627,
0.0128737,0.0787859,0.0634639,
0.013874,0.0789561,0.0620995,
0.0148356,0.0767115,0.0614275,
0.0157505,0.0736045,0.0602341,
0.0166093,0.0720778,0.0576224,
0.0174009,0.0714644,0.053667,
0.0181138,0.0690365,0.0494586,
0.0187368,0.0644818,0.0462915,
0.0192601,0.0604868,0.0442949,
0.0196761,0.0583824,0.0420106,
0.0199795,0.0559466,0.0379032,
0.0201686,0.0510332,0.032262,
0.0202444,0.045142,0.0269854,
0.0202108,0.0410327,0.0233491,
0.0200744,0.038223,0.0205832,
0.0198433,0.0337692,0.0169523,
0.0195265,0.0271212,0.0117483,
0.0191329,0.0210973,0.00581795,
0.0186706,0.0173164,0.0004871,
0.018146,0.0135511,0.00361241,
0.0175637,0.00739439,0.006927,
0.0169256,0.00026558,0.0106279,
0.0162315,0.00485105,0.0156433,
0.0154794,0.00827082,0.0215864,
0.0146658,0.0130791,0.0268492,
0.0137867,0.02003,0.0302886,
0.0128381,0.0262462,0.0326978,
0.0118176,0.0298956,0.0359861,
0.010724,0.0331793,0.0408682,
0.00955917,0.0386926,0.0460061,
0.00832739,0.0451152,0.0496699,
0.00703588,0.0493316,0.0516852,
0.00569457,0.0515218,0.0533602,
0.00431546,0.0548457,0.0559001,
0.00291207,0.0602187,0.059322,
0.00149849,0.0647695,0.0626519,
8.85256e-005,0.0665309,0.0647897,
0.00130515,0.0676568,0.0654078,
0.00267174,0.0708581,0.065395,
0.00400287,0.0749205,0.066177,
0.00529284,0.0766835,0.068144,
0.00653859,0.0762259,0.0699469,
0.00773946,0.0767203,0.069928,
0.00889664,0.079198,0.0681689,
0.0100124,0.0808471,0.0664597,
0.0110894,0.0796416,0.066118,
0.0121297,0.0776682,0.0664705,
0.013134,0.077681,0.0658262,
0.0141014,0.0785721,0.0634541,
0.0150285,0.0772154,0.0601613,
0.0159097,0.0736234,0.0572331,
0.0167372,0.0709202,0.0552348,
0.0175017,0.0702006,0.0536469,
0.0181924,0.0687588,0.051311,
0.018799,0.0645778,0.0474381,
0.019311,0.0596589,0.0425509,
0.0197201,0.0567253,0.0382027,
0.0200199,0.0547661,0.0352894,
0.0202064,0.0507555,0.0328249,
0.0202791,0.0446681,0.0290009,
0.0202402,0.0395213,0.023433,
0.0200944,0.0364218,0.0176775,
0.0198489,0.0328031,0.013311,
0.0195122,0.0267126,0.0101092,
0.019093,0.0200444,0.0065371,
0.0186002,0.0154206,0.00161475,
0.0180417,0.0119185,0.00418036,
0.0174234,0.00667007,0.00961842,
0.0167493,0.00036892,0.0138897,
0.0160213,0.00634785,0.0172326,
0.015239,0.0101982,0.0207527,
0.0144006,0.0143179,0.0254426,
0.0135029,0.020547,0.0310191,
0.0125426,0.0271236,0.0359489,
0.0115167,0.0315933,0.0391136,
0.0104238,0.0348034,0.0412814,
0.00926398,0.0394188,0.0442952,
0.00804017,0.0454902,0.0487732,
0.00675779,0.0503881,0.053311,
0.00542494,0.0531256,0.056243,
0.00405214,0.0559071,0.05761,
0.00265171,0.0604248,0.0589,
0.00123711,0.0650757,0.0612092,
0.000177933,0.06763,0.0641816,
0.00158024,0.0688651,0.0666025,
0.00295801,0.0712017,0.0676116,
0.00430141,0.0746895,0.0674155,
0.00560308,0.0769688,0.0671317,
0.0068582,0.077169,0.0677923,
0.0080645,0.0772766,0.0691615,
0.0092218,0.0788072,0.0697393,
0.0103315,0.0803388,0.0684114,
0.011396,0.079909,0.0659451,
0.0124174,0.0782262,0.0642084,
0.0133974,0.0774353,0.0638542,
0.0143361,0.077585,0.0634785,
0.0152319,0.0766205,0.0614084,
0.0160809,0.0738021,0.0577393,
0.0168771,0.0708745,0.0540621,
0.0176126,0.0691592,0.0515041,
0.018278,0.0674399,0.0496198,
0.0188635,0.0640467,0.0471185,
0.0193593,0.0596012,0.0432269,
0.0197563,0.0559434,0.0383412,
0.0200474,0.0531266,0.033658,
